{
  "query_file": "/TIEVNAS/jyf/KITTI/kitti_00_evaluation_query_th20m_yaw_1runs.pickle",
  "db_file": "/TIEVNAS/jyf/KITTI/kitti_00_evaluation_database_th20m_yaw_1runs.pickle",
  "query_index": 0,
  "db_index": 0,
  "checkpoint": "/media/autolab/tsy/dynamic/checkpoints_pnv/pnv_baseline_20260314_162345_epoch_020.pt",
  "dirty_generator_checkpoint": "/media/autolab/tsy/dynamic/checkpoints_adv/pnv_adv_20260314_162346_epoch_020.pt",
  "num_points": 4096,
  "use_intensity": false,
  "emb_dim": 256,
  "min_time_gap": 10.0,
  "filter_same_frame": true,
  "require_db_earlier": true,
  "dirty_query": true,
  "dirty_db": true,
  "dirty_query_stats": {
    "target_drop_ratio": 0.3,
    "actual_drop_ratio_mean": 0.300048828125,
    "object_insertion": true
  },
  "dirty_db_stats": {
    "target_drop_ratio": 0.3,
    "actual_drop_ratio_mean": 0.300048828125,
    "object_insertion": true
  },
  "result": {
    "num_db": 175,
    "num_query": 56,
    "num_evaluated": 23,
    "topk": 25,
    "recall": [
      0.782608695652174,
      0.8260869565217391,
      0.8695652173913043,
      0.9130434782608695,
      0.9565217391304348,
      0.9565217391304348,
      0.9565217391304348,
      0.9565217391304348,
      0.9565217391304348,
      0.9565217391304348,
      0.9565217391304348,
      0.9565217391304348,
      0.9565217391304348,
      0.9565217391304348,
      0.9565217391304348,
      0.9565217391304348,
      0.9565217391304348,
      0.9565217391304348,
      0.9565217391304348,
      0.9565217391304348,
      0.9565217391304348,
      0.9565217391304348,
      0.9565217391304348,
      0.9565217391304348,
      1.0
    ],
    "recall_at_1": 0.782608695652174,
    "recall_at_5": 0.9565217391304348,
    "recall_at_10": 0.9565217391304348,
    "one_percent_recall": 0.8260869565217391,
    "top1_similarity_mean": 0.9333531724082099
  }
}