{
  "query_file": "/TIEVNAS/jinyuanfeng/KITTI/kitti_00_evaluation_query_th20m_yaw_1runs.pickle",
  "db_file": "/TIEVNAS/jinyuanfeng/KITTI/kitti_00_evaluation_database_th20m_yaw_1runs.pickle",
  "query_index": 0,
  "db_index": 0,
  "checkpoint": "/media/autolab/tsy/dynamic/checkpoints_adv/pnv_adv_04022117_20260402_211804_epoch_092.pt",
  "num_points": 4096,
  "use_intensity": false,
  "emb_dim": 256,
  "min_time_gap": 10.0,
  "filter_same_frame": false,
  "require_db_earlier": false,
  "result": {
    "num_db": 175,
    "num_query": 56,
    "num_evaluated": 23,
    "topk": 25,
    "recall": [
      0.8260869565217391,
      0.8695652173913043,
      0.9130434782608695,
      0.9130434782608695,
      0.9130434782608695,
      0.9565217391304348,
      0.9565217391304348,
      0.9565217391304348,
      0.9565217391304348,
      0.9565217391304348,
      0.9565217391304348,
      0.9565217391304348,
      0.9565217391304348,
      0.9565217391304348,
      0.9565217391304348,
      0.9565217391304348,
      0.9565217391304348,
      0.9565217391304348,
      0.9565217391304348,
      0.9565217391304348,
      0.9565217391304348,
      0.9565217391304348,
      0.9565217391304348,
      0.9565217391304348,
      0.9565217391304348
    ],
    "recall_at_1": 0.8260869565217391,
    "recall_at_5": 0.9130434782608695,
    "recall_at_10": 0.9565217391304348,
    "one_percent_recall": 0.8695652173913043,
    "top1_similarity_mean": 0.861580955354791
  }
}