{
  "query_file": "/TIEVNAS/jyf/KITTI/kitti_00_evaluation_query_th20m_yaw_1runs.pickle",
  "db_file": "/TIEVNAS/jyf/KITTI/kitti_00_evaluation_database_th20m_yaw_1runs.pickle",
  "query_index": 0,
  "db_index": 0,
  "checkpoint": "/media/autolab/tsy/dynamic/checkpoints_pnv/pnv_baseline_20260314_162345_epoch_020.pt",
  "dirty_generator_checkpoint": "/media/autolab/tsy/dynamic/checkpoints_adv/pnv_adv_20260314_162346_epoch_020.pt",
  "num_points": 4096,
  "use_intensity": false,
  "emb_dim": 256,
  "min_time_gap": 10.0,
  "filter_same_frame": true,
  "require_db_earlier": true,
  "dirty_query": true,
  "dirty_query_stats": {
    "target_drop_ratio": 0.5,
    "actual_drop_ratio_mean": 0.5,
    "object_insertion": true
  },
  "result": {
    "num_db": 175,
    "num_query": 56,
    "num_evaluated": 23,
    "topk": 25,
    "recall": [
      0.17391304347826086,
      0.21739130434782608,
      0.2608695652173913,
      0.30434782608695654,
      0.34782608695652173,
      0.34782608695652173,
      0.34782608695652173,
      0.391304347826087,
      0.4782608695652174,
      0.4782608695652174,
      0.4782608695652174,
      0.5652173913043478,
      0.5652173913043478,
      0.6086956521739131,
      0.6086956521739131,
      0.6521739130434783,
      0.6956521739130435,
      0.6956521739130435,
      0.6956521739130435,
      0.6956521739130435,
      0.6956521739130435,
      0.6956521739130435,
      0.6956521739130435,
      0.6956521739130435,
      0.6956521739130435
    ],
    "recall_at_1": 0.17391304347826086,
    "recall_at_5": 0.34782608695652173,
    "recall_at_10": 0.4782608695652174,
    "one_percent_recall": 0.21739130434782608,
    "top1_similarity_mean": 0.6026546657085419
  }
}